<?xml version="1.0" encoding="UTF-8"?>
<simulation xmlns="http://www.gleamviz.org/xmlns/gleamviz_v4_0">
  <definition id="1584669634067.C68" name="COVID_China_Wuhan_19" type="multi-run">
    <compartmentalModel>
      <compartments>
        <compartment isSecondary="false" isTraveller="true" id="susceptible" isCarrier="false" color="#51b2b7" x="680" isCommuter="true" y="24"/>
        <compartment isSecondary="false" isTraveller="true" id="latent non-infectious" isCarrier="true" color="#00c18d" x="680" isCommuter="true" y="218"/>
        <compartment isSecondary="true" isTraveller="false" id="diagnosed" isCarrier="true" color="#f4ce17" x="678" isCommuter="false" y="499"/>
        <compartment isSecondary="false" isTraveller="true" id="recovered" isCarrier="false" color="#89c443" x="678" isCommuter="true" y="689"/>
        <compartment isSecondary="false" isTraveller="true" id="presyndromatic inf." isCarrier="true" color="#ff5127" x="679" isCommuter="true" y="319"/>
        <compartment isSecondary="false" isTraveller="true" id="mild syndromes" isCarrier="true" color="#ff5127" x="449" isCommuter="true" y="408"/>
        <compartment isSecondary="false" isTraveller="false" id="severe syndromes" isCarrier="true" color="#f59123" x="888" isCommuter="false" y="407"/>
      </compartments>
      <ratioTransitions>
        <ratioTransition labelPosition="0.5" ratio="(1/mu)" source="diagnosed" target="recovered"/>
        <ratioTransition labelPosition="0.5" ratio="nie" source="latent non-infectious" target="presyndromatic inf."/>
        <ratioTransition labelPosition="0.5" ratio="ie*(1-ps)" source="presyndromatic inf." target="mild syndromes"/>
        <ratioTransition labelPosition="0.5" ratio="ie*ps" source="presyndromatic inf." target="severe syndromes"/>
        <ratioTransition labelPosition="0.5" ratio="(1/mu)*pDS" source="severe syndromes" target="diagnosed"/>
        <ratioTransition labelPosition="0.5" ratio="(1/mu)*pDM" source="mild syndromes" target="diagnosed"/>
        <ratioTransition labelPosition="0.5" ratio="(1/mu)*(1-pDM)" source="mild syndromes" target="recovered"/>
        <ratioTransition labelPosition="0.5" ratio="(1/mu)*(1-pDS)" source="severe syndromes" target="recovered"/>
      </ratioTransitions>
      <infections>
        <infection source="susceptible" target="latent non-infectious">
          <infector x="356" ratio="beta" y="62" source="presyndromatic inf."/>
          <infector x="357" ratio="beta" y="120" source="mild syndromes"/>
          <infector x="358" ratio="beta*rbeta" y="178" source="severe syndromes"/>
        </infection>
      </infections>
      <variables>
        <variable value="0.38261" name="beta"/>
        <variable value="0.5" name="rbeta"/>
        <variable value="5.6" name="lp"/>
        <variable value="1.1" name="lnip"/>
        <variable value="4.5" name="pip"/>
        <variable value="1/lnip" name="nie"/>
        <variable value="1/(lp-lnip)" name="ie"/>
        <variable value="0.01" name="ps"/>
        <variable value="0.6" name="pDS"/>
        <variable value="0.0061" name="tDR"/>
        <variable value="(tDR-ps*pDS)/(1-ps)" name="pDM"/>
        <variable value="7" name="mu"/>
      </variables>
    </compartmentalModel>
    <parameters startDate="2019-11-12" occupancyRate="100" seasonalityAlphaMin="0.50" secondaryEvents="1" runCount="10" outbreakSize="2" flightsTimeAggregation="month" commutingModel="radiation" commutingRate="8" duration="125" seasonalityEnabled="false"/>
    <notes>Run19</notes>
    <initialCompartments>
      <initialCompartment fraction="100" compartment="susceptible"/>
    </initialCompartments>
    <seeds>
      <seed compartment="presyndromatic inf." number="1" city="477"/>
    </seeds>
    <resultCompartments>
      <id>presyndromatic inf.</id>
      <id>mild syndromes</id>
      <id>severe syndromes</id>
      <id>latent non-infectious</id>
      <id>diagnosed</id>
    </resultCompartments>
    <exceptions/>
  </definition>
  <metadata>
    <creationDate>2020-03-14T18:29:01</creationDate>
    <clientVersion>7.0</clientVersion>
  </metadata>
  <extradata>
    <userVariableOrder>beta rbeta lp lnip pip nie ie ps pDS tDR pDM mu</userVariableOrder>
  </extradata>
</simulation>
